{"cameraMode":{"drawMode":0,"name":"Shaded","section":"Shading Mode"},"sceneLighting":true,"audioPlay":false,"sceneViewState":{"showFog":true,"showMaterialUpdate":false,"showSkybox":true,"showFlares":true,"showImageEffects":true,"showParticleSystems":true},"in2DMode":false,"pivot":{"x":3.495272159576416,"y":-0.8856818675994873,"z":5.271573543548584},"rotation":{"x":0.07214725017547608,"y":0.0278024822473526,"z":-0.002013231860473752,"w":0.9970051050186157},"size":6.975630283355713,"orthographic":false}