{"cameraMode":{"drawMode":0,"name":"Shaded","section":"Shading Mode"},"sceneLighting":false,"audioPlay":false,"sceneViewState":{"showFog":true,"showMaterialUpdate":false,"showSkybox":true,"showFlares":true,"showImageEffects":true,"showParticleSystems":true},"in2DMode":false,"pivot":{"x":3.2752275466918947,"y":0.0703410729765892,"z":0.002788312267512083},"rotation":{"x":0.07339740544557572,"y":0.03140978515148163,"z":-0.002312786178663373,"w":0.9968054294586182},"size":1.158677339553833,"orthographic":false}