{"cameraMode":{"drawMode":0,"name":"Shaded","section":"Shading Mode"},"sceneLighting":false,"audioPlay":false,"sceneViewState":{"showFog":true,"showMaterialUpdate":false,"showSkybox":true,"showFlares":true,"showImageEffects":true,"showParticleSystems":true},"in2DMode":false,"pivot":{"x":0.5143342018127441,"y":-0.5980686545372009,"z":0.004670510999858379},"rotation":{"x":0.05417502298951149,"y":0.03681577742099762,"z":-0.0019991870503872635,"w":0.9978587031364441},"size":1.7811133861541749,"orthographic":false}