{"cameraMode":{"drawMode":0,"name":"Shaded","section":"Shading Mode"},"sceneLighting":false,"audioPlay":false,"sceneViewState":{"showFog":true,"showMaterialUpdate":false,"showSkybox":true,"showFlares":true,"showImageEffects":true,"showParticleSystems":true},"in2DMode":false,"pivot":{"x":0.6366999745368958,"y":-0.39419999718666079,"z":0.0},"rotation":{"x":0.06146061047911644,"y":0.0044914791360497479,"z":-0.00027657445752993226,"w":0.9980994462966919},"size":0.3495618402957916,"orthographic":false}